{
    "Position": [
        86.15451060140482,
        -2515.1815452735304,
        180.02623061249915
    ],
    "FocalPoint": [
        2.2501907348632812,
        -30.602699279785156,
        -244.5
    ],
    "ViewUp": [
        0.010965253598319385,
        0.16877327052719593,
        0.9855939054037817
    ],
    "ClippingRange": [
        1883.750663062274,
        3331.467508829905
    ],
    "ViewAngle": 30.0,
    "ParallelScale": 796.2534186452626
}