{
    "Position": [
        -226.30893657296278,
        -1743.6905842712415,
        258.43805057069545
    ],
    "FocalPoint": [
        -0.53125,
        -61.53125,
        230.0
    ],
    "ViewUp": [
        -0.018860334359087745,
        0.01943089708541691,
        0.999633296777533
    ],
    "ClippingRange": [
        1312.2696231057648,
        2305.7759352791945
    ],
    "ViewAngle": 30.0,
    "ParallelScale": 796.2534186452626
}