{
    "Position": [
        159.33438564828714,
        -700.0385028918649,
        361.66918045713555
    ],
    "FocalPoint": [
        139.79540538787842,
        129.1766529083252,
        149.8074595928192
    ],
    "ViewUp": [
        0.023734040387350594,
        -0.2469499745180418,
        -0.9687375317455343
    ],
    "ClippingRange": [
        578.3333698384849,
        1207.7600930483682
    ],
    "ViewAngle": 30.0,
    "ParallelScale": 221.99583046465057
}